Name,Address,Price,Rating
Sepeda 20 BMX SENATOR LYCAN ROTTOR,Kab. Bogor,Rp1.100.000,4.7
sadel 20 Bmx,Serang,Rp40.000,4.8
Sepeda 20 BMX senator lycan rotor,Kab. Bogor,Rp1.100.000,4.8
Sepeda 20 BMX senator classic,Kab. Bogor,Rp875.000,4.9
Sepeda anak 20 BMX Senator Hibore Classic New,Kab. Bogor,Rp900.000,4.7
sepeda anak 12 merah hitam,Malang,Rp375.000,4.4
Strider 12 Sport - Balance Bike Push Bike Usia 18 Bulan - 5 Tahun,Bandung,Rp1.600.000,5
Sepeda 20 BMX Hotshot XCR 8.0 3.0 Rotor hot shot ban jumbo,Jambi,Rp1.400.000,4.4
sepeda 20 BMX KHEBIKES KHE BIKE EVO,Jambi,Rp4.200.000,4.8
Sepeda anak BMX ukuran 20 inch untuk anak umur 6 7 8 9 10 tahun sampai dewasa Murah,Jambi,Rp850.000,4
Sepeda 18 BMX Richbike 3625 8,Jambi,Rp470.000,4.6
Sepeda anak Bmx Ukuran 18 BNB berkualitas bukan genio united polygon,Jambi,Rp750.000,3.8
sepeda anak bmx 18 pacific Hotshot Fat Tire 18 x 3.0 alloy,Jambi,Rp1.400.000,5
FREE ONGKIR Sepeda BMX 20 inch Trek Precaliber Boy alloy 7 Speed,Jambi,Rp4.150.000,4
Terbaru sepeda bmx 20 United Rhesus 2020,Jambi,Rp1.650.000,4
sepeda BMX 20 Morison 8125 ban Jumbo mirip United Polygon Genio Pacific,Jambi,Rp1.000.000,4.3
sepeda 20 bmx aviator AT 8866 Rotor ban besar jumbo 3.0,Jambi,Rp1.350.000,4.8
Sepeda anak bmx 16 inci Centrum CT 8625 2 8 9 Termurah not united genio polygon pacific exotic element,Jambi,Rp570.000,5
Sepeda 16 BMX Mazara MA 2233 Ban besar Murah Berkualitas,Jambi,Rp550.000,5
Sepeda BMX 20 epica epika United not polygon or genio,Jambi,Rp1.650.000,4.5
Termurah Sepeda anak laki BMX ukuran 12 inch Morison ban busa murah berkualitas,Jambi,Rp380.000,5
Sepeda bmx 20 inch United Jumper Zero Rotor putar 360 derajat Free style,Jambi,Rp1.850.000,Terjual 46
sepeda anak 18 BMX MORISON MURAH BERKUALITAS,Jambi,Rp650.000,5
Sepeda anak bmx ukuran 18 inci Centrum CT 8625 2 8 9 ban besar jumbo Murah Bagus not united genio pacific exotic element polygon warrior ninja,Jambi,Rp570.000,4.5
Termurah sepeda BMX ukuran 20 Tango Ban Besar Murah Berkualitas bukan Genio United Polygon,Jambi,Rp1.000.000,5
SEPEDA ANAK BMX 18 GENIO 03 PAKAI KERANJANG,Jambi,Rp700.000,Terjual 44
Sepeda Bmx Anak Murah BAN Besar 12 Exotic 9987,Jambi,Rp750.000,4
Sepeda BMX 20 Morison MS 8125 AX 3.0 ban besar jumbo termurah berkualitas,Jambi,Rp750.000,4.6
sepeda bmx 12 warrior l sepeda anak cowo laki laki murah,Jambi,Rp380.000,3.7
Sepeda Anak BMX 20 Pacific Batman Hotshot 3.0,Jambi,Rp1.600.000,5
Sepeda Anak BMX TREX ONYX 886 1 16 inch Ban Besar Jumbo Gendut 16 inci x 3.0 30 Umur 4 - 7 Tahun Fat Bike Murah Berkualitas,Jambi,Rp510.000,5
sepeda BMX 20 United Jumper Park,Jambi,Rp1.750.000,5
Sepeda BMX 20 Inch WIMCYCLE BIG FOOT Ban 3.0,Jambi,Rp1.525.000,5
Sepeda 20 BMX United New Rouse,Kab. Bogor,Rp1.675.000,4.9
Sepeda Anak 18 Inch BMX Pacific Cooltech 3.0 Ban Besar,Jambi,Rp1.350.000,4.8
sepeda BMX 20 X 3.0 aviator AT 8877 Rotor putar ban besar jumbo,Jambi,Rp1.250.000,4
sepeda bmx 20 Clarion 9901 ban jumbo besar 3.0 By pacific,Jambi,Rp1.000.000,5
sepeda BMX 18 Michel 3.0 Ban Besar Jumbo anak 5 tahun sampai 8 tahun not United Genio Polygon Pacific Exotic,Jambi,Rp650.000,4.7
Sepeda BMX 18 Trendy TR 601 2 Ban 2.5,Jambi,Rp590.000,4.5
sepeda gunung Anak MTB 20 inch pacific viper 3.0 7 speed suspensi susp per,Jambi,Rp2.050.000,4.5
Sepeda anak Murah 18 BMX Mazara MZ 2255 Berkualitas ban besar,Jambi,Rp750.000,5
Sepeda anak roda 3 tiga Tricycle Exotic ET 2102 ada Musik dan lampu mainan anak model Motor motor-an bisa gowes dayung pedal,Jambi,Rp300.000,5
Sepeda BMX 16 Pacific Avatar,Jambi,Rp1.400.000,5
Sepeda anak 12 BMX Mazara 2266 ban besar jumbo 3.0,Jambi,Rp600.000,5
Sepeda Anak Laki-Laki BMX 12 Trendy TR 601 Sepeda BMX 12 Inch Ban Besar,Jambi,Rp530.000,Terjual 35
Termurah sepeda bmx 20 morison MS 8125 XT 2.4 ban warna,Jambi,Rp650.000,5
Sepeda BMX 20 inch United Ryker Mini ctb Alloy aluminium,Jambi,Rp2.335.000,4.5
Sepeda bmx 20 senator lycan rotor,Jambi,Rp1.100.000,4.5
sepeda 20 BMX United Floss,Jambi,Rp1.700.000,4
Sepeda anak United BMX Jumper bukan genio polygon khebikes,Jambi,Rp1.500.000,Terjual 32
sepeda bmx 20 united jumper x01 x 01,Jambi,Rp1.500.000,4.6
sepeda bmx 20 exotic et 9982 TRX,Jambi,Rp1.150.000,4.7
Sepeda 12 BMX Richbike 3625 8 Murah Berkualitas,Jambi,Rp450.000,4.7
Sepeda anak BMX Murah Pacific ukuran 12 inci Clarion 8501 3.0 Ban Besar Jumbo,Jambi,Rp760.000,5
Sepeda bmx 20 senator aero not pacific united aviator exotic,Jambi,Rp900.000,5
Sepeda anak 12 inci BMX Centrum CT 8625 2 8 ban 2.50 Murah bagus kuat berkualitas,Jambi,Rp590.000,5
Termurah Sepeda 20 BMX morison 8125 GX 2.5 Berkualitas,Jambi,Rp950.000,5
Pacific sepeda 20 bmx pacific Batman ban besar,Jambi,Rp1.700.000,4.3
Sepeda Anak 18 BMX Pacific Umaga GX 3.0 Ban Besar,Jambi,Rp1.390.000,5
Sepeda 20 bmx senator classic not genio aviator exotic united pacific,Jambi,Rp1.050.000,5
sepeda 20 bmx Trick Murah Berkualitas,Jambi,Rp850.000,4.5
Rantai Halflink BMX Fixie Single speed,Jakarta Selatan,Rp185.000,4.9
sepeda anak BMX pacific Clarion ukuran 18 inci Ban besar 18 x 3.0,Jambi,Rp850.000,4
Sepeda 20 Bmx pacific Rush Rotor,Jambi,Rp1.500.000,5
Push Bike Balance Bike Sepeda Anak 12 Ban Busa EVA 3.0,Kab. Bekasi,Rp420.000,5
Senator BMX 18 Slammer,Jakarta Timur,Rp800.000,4.9
Sepeda bmx 18 Trendy 601 3 ban jumbo besar 3.0,Jambi,Rp590.000,5
Sepeda 18 BMX Genio Hyper Z  Ban Besar Murah Berkualitas,Jambi,Rp700.000,5
Sepeda BMX anak usia 4 - 7 tahun ukuran 16 inch BNB 44 Rocket Murah not united pacific element polygon wim cycle exotic genio,Jambi,Rp750.000,3
Sepeda 20 BMX Terpedo Senator Extrem,Kab. Bogor,Rp950.000,5
Sepeda BMX 20 inci Genio GX 02 2020,Jambi,Rp1.250.000,4.7
Sepeda Anak Murah 20 Bmx Axxil Warna,Jambi,Rp740.000,4
fullbike bmx tatross semi pro 20.5,Purwakarta,Rp2.980.000,5
Sepeda 18 BMX Senator,Kab. Bogor,Rp850.000,5
Sepeda 20 BMX United New Floss 01 2019,Kab. Bogor,Rp1.650.000,5
Sepeda 20 BMX Pacific Batman Ban Besar,Kab. Bogor,Rp1.700.000,5
Sepeda Anak BMX 12 Inch Merk Trex Viper untuk anak cowok lelaki laki cowo laki-laki pria Ban Jumbo,Tangerang,Rp550.000,4.9
Sepeda 16 BMX Atlantis Ban Besar,Kab. Bogor,Rp700.000,4.7
Sepeda 16 BMX Pacific New Batman,Kab. Bogor,Rp1.400.000,5
Sepeda Anak BMX 16 inch Centrum CT8625 2.50 Fatbike CT 8625,Tangerang,Rp600.000,5
SEPEDA BMX COMMANDO SPORTY 20 INCI,Magelang,Rp750.000,4.6
fullbike sepeda bmx tatross rotor ukuran 16,Purwakarta,Rp1.799.000,4.1
Sepeda Anak Laki BMX 20 Inch Cassini Ban Besar Jumbo,Tangerang,Rp850.000,4.2
Sepeda Anak 20 inch BMX MORISON 8125 MX Ban Jumbo 3.0,Karawang,Rp675.000,5
Sepeda Anak 16 BMX Genio Loco,Kab. Bogor,Rp700.000,4.6
sepeda bmx 20 senator xtreme torpedo,Jakarta Barat,Rp1.000.000,4.7
fullbike tatross sepeda bmx pemula ukuran 20.5,Purwakarta,Rp1.750.000,4.5
Sepeda Anak Bmx Velion Sport 16 Inch - Not Pacific United Polygon 16,Magelang,Rp525.000,4.5
fullbike tatross sepeda bmx pemula ukuran 20,Purwakarta,Rp1.800.000,4.9
Sepeda BMX 20 Morison Classic New Product 2.4,Kab. Bogor,Rp700.000,5
Sepeda 20 BMX Hotshot RX 360 DiscBrake,Kab. Bogor,Rp1.650.000,4.9
fullbike brawny sepeda bmx 20 new,Purwakarta,Rp2.300.000,4.8
Sepeda BMX 20 Morison 2.50 8125 Double Rem Terpedo New,Kab. Bogor,Rp750.000,5
SEPEDA ANAK BMX 12 BAN POMPA STIR BELAKANG uNTUK anak usia 3-5 tahun,Kab. Tangerang,Rp475.000,4.8
Termurah Sepeda BMX ukuran 20 inch murah berkualitas bukan united genio polygon,Jambi,Rp650.000,4.8
SEPEDA ANAK BMX EVERGREEN LOGAN UKURAN 12 WARNA KOMBINASI,Jakarta Barat,Rp687.500,5
Sepeda minion atau minitrek fullbike full bike,Nganjuk,Rp3.000.000,5
Sepeda Anak Laki BMX Evergreen B1 20 inch Classic,Tangerang,Rp800.000,5
Plat Nomor Number Plate OS BMX Jadul Vintage Old School Taiwan Zeronine made in Japan buat Raleigh GT Kuwahara Dyno Powerlite Haro DK Oyama dll,Kab. Sukabumi,Rp150.000,5
Sepeda 16 BMX RICHBIKE 3625 8,Jambi,Rp450.000,5
Sepeda 20 BMX United Dbased 01,Kab. Bogor,Rp1.650.000,5
sepeda anak molly 18 united,Jakarta Barat,Rp1.180.000,5
fullbike tatross 16,Purwakarta,Rp1.670.000,5
Sepeda Anak BMX 20 Atlantis Ban Besar Jumbo 3.0 New Product,Kab. Bogor,Rp750.000,5
Sepeda Anak BMX 20 Atlantis RAPID Stang Rotor - Rem Torpedo Besi,Kab. Bekasi,Rp850.000,5
Sepeda BMX 12 16 18 Centrum 2006 Termurah Berkualitas,Jambi,Rp650.000,4.8
Sepeda BMX 20 Centrum Classic New Product,Kab. Bogor,Rp750.000,5
sepeda bmx 20 floss 01 united,Jakarta Barat,Rp1.800.000,5
SEPEDA ANAK BMX PHOENIX UKURAN 20,Sidoarjo,Rp1.075.000,5
SEPEDA ANAK BMX EVERGREEN LOGAN UKURAN 16 WARNA KOMBINASI,Jakarta Barat,Rp762.500,4.8
Sepeda 20 BMX Exotic 9982XTBan Besar,Kab. Bogor,Rp1.450.000,5
fullbike BMX pemula semi pro 20.5,Purwakarta,Rp2.752.000,4.7
Sepeda Anak Senator BMX 20 Lycan,Jakarta Timur,Rp1.000.000,5
Sepeda Push Bike Element RMB 5Rider Eva - Balance Bike Sepeda Tanpa Pedal Pushbike 5 Rider Eva Element,Magelang,Rp450.000,5
Seped Anak Murah 12 Bmx Centrum,Jambi,Rp530.000,4
Sepeda BMX 20 Trendy 3.0 Ban Besar New Product Good Quality,Kab. Bogor,Rp750.000,5
Sepeda 20 BMX United New Roouse Rotor 2020,Kab. Bogor,Rp1.675.000,5
sepeda bmx 16 genio alvaro,Jambi,Rp750.000,5
Sepeda 20 BMX Atlantis Terpedo Barong,Kab. Bogor,Rp945.000,5
sepeda anak ukuran 12 BMX United Shark,Jambi,Rp750.000,5
sepeda anak 16 molly united,Jakarta Barat,Rp1.050.000,5
U BRAKE BMX ECLAT U BRAKE BAWAH MTB PREMIUM FORGED ALLOY NEW OLD STOCK,Yogyakarta,Rp450.000,5
Sepeda Anak Laki Laki BMX 20 Genio GX4 New 2023,Kab. Bogor,Rp1.150.000,5
Sepeda Anak Laki BMX Evergreen 20 inch Classic 20 B1,Tangerang,Rp800.000,5
Sepeda BMX Polygon Relic 20 inchi,Mojokerto,Rp2.450.000,5
sepeda anak senator ukuran 12,Jakarta Barat,Rp670.000,5
Sepeda Anak BMX TREX CASSINI NISMO 20 inch Ban Jumbo 3.0,Karawang,Rp850.000,5
BMX Race Thrill Fiery Mini ban 451,Malang,Rp2.500.000,5
BMX Thrill Fiery Junior 20 Inch,Jombang,Rp2.450.000,5
Sepeda anak 12 inch ERMINIO ban busa EVA type boy UNTUK anak usia 2- 4 thn TERMURAH,Kab. Tangerang,Rp379.000,4.5
sepeda bmx amokay 1 custom dj bikes,Bandung,Rp6.500.000,4.5
sepeda 16 pacific turanza,Jambi,Rp600.000,4
Sepeda 20 BMX Exotic 9982 TX 1.0 New 2021,Kab. Bogor,Rp1.200.000,5
sepeda anak 18 joyfull united,Jakarta Barat,Rp1.200.000,5
Sepeda Bmx Jumper Rotor Aluminium Majuroyal,Tangerang,Rp1.909.000,5
"Bmx 20"" Wimcycle Bronco Majuroyal",Tangerang,Rp1.780.000,5
Sepeda Anak Laki BMX 16 inch Genio Loco by United,Tangerang,Rp655.000,5
Sepeda Anak BMX 20 inch Limitless 8720 Ban Jumbo,Tangerang,Rp750.000,5
Sepeda Anak BMX 20 Morison Ban Besar Jumbo 3.0 New Product Original,Kab. Bogor,Rp750.000,5
fullbike tatross vtw sepeda bmx semipro,Purwakarta,Rp2.900.000,4
SEPEDA ANAK 18 BNB 10 MIRIP GENIO RIDER LEBIH BAGUS,Jambi,Rp780.000,5
"SEPEDA Anak BMX 12"" 16"" 18"" Collins BAN JUMBO 2.50 FITUR MUSIK DAN LAMPU",Kab. Tangerang,Rp529.000,5
Sepeda BMX 20 Senator Ban Besar 3.0 Big Wheel New Product,Kab. Bogor,Rp1.100.000,5
Sepeda BMX 20 Polygon Rouge New,Kab. Bogor,Rp1.975.000,5
Sepeda 20 BMX Senator New Thunderbolt,Kab. Bogor,Rp950.000,5
Sepeda Anak 18 BMX Centrum New Product Design,Kab. Bogor,Rp700.000,5
Sepeda Anak 18 BMX Centrum Ban Besar  New 2021,Kab. Bogor,Rp650.000,5
Sepeda 16 BMX United New Bulls Ban Besar,Kab. Bogor,Rp1.475.000,5
Sepeda 20 BMX Exotic 9982 TX 1.0 Rotor Freestyle New 2021,Kab. Bogor,Rp1.250.000,5
Sepeda Anak 18 BMX Trex Viper New,Kab. Bogor,Rp625.000,5
